<?xml version="1.0" encoding="UTF-8"?>
<!-- degruyter collection names -->
<?xml-stylesheet type="text/xsl" href="completeCodes.xsl"?>
<TEI xmlns="http://www.tei-c.org/ns/1.0" xmlns:xlink="http://www.w3.org/1999/xlink"
    xmlns:m="http://www.w3.org/1998/Math/MathML" xmlns:tei="http://www.tei-c.org/ns/1.0">
    <teiHeader>
        <fileDesc>
            <titleStmt>
                <title>Reference table for collections codes (De Gruyter)</title>
            </titleStmt>
            <publicationStmt>
                <p>...</p>
            </publicationStmt>
            <sourceDesc>
                <p>...</p>
            </sourceDesc>
        </fileDesc>
    </teiHeader>
    <text>
        <body>
            <div>
                <table>
                    <row>
                        <cell role="doi">10.11129/detail.indetailfr</cell>
                        <cell role="name">in DETAIL</cell>
                    </row>
                    <row>
                        <cell role="doi">10.1515/as</cell>
                        <cell role="issn">2199-4161</cell>
                        <cell role="name">Ars et Scientia : Schriften zur Kunstwissenschaft</cell>
                    </row>
                    <row>
                        <cell role="doi">10.1515/AS</cell>
                        <cell role="issn">2199-4161</cell>
                        <cell role="name">Ars et Scientia : Schriften zur Kunstwissenschaft</cell>
                    </row>
                    <row>
                        <cell role="doi">10.1515/BZAW</cell>
                        <cell role="issn">0934-2575</cell>
                        <cell role="name">Beihefte zur Zeitschrift für die alttestamentliche
                            Wissenschaft</cell>
                    </row>
                    <row>
                        <cell role="doi">10.1515/bzaw</cell>
                        <cell role="issn">0934-2575</cell>
                        <cell role="name">Beihefte zur Zeitschrift für die alttestamentliche
                            Wissenschaft</cell>
                    </row>
                    <row>
                        <cell role="doi">10.1515/BZNW</cell>
                        <cell role="issn">0171-6441</cell>
                        <cell role="name">Beihefte zur Zeitschrift für die neutestamentliche
                            Wissenschaft</cell>
                    </row>
                    <row>
                        <cell role="doi">10.1515/bznw</cell>
                        <cell role="issn">0171-6441</cell>
                        <cell role="name">Beihefte zur Zeitschrift für die neutestamentliche
                            Wissenschaft</cell>
                    </row>
                    <row>
                        <cell role="doi">10.1515/BZRP</cell>
                        <cell role="issn">0084-5396</cell>
                        <cell role="name">Beihefte zur Zeitschrift für romanische Philologie</cell>
                    </row>
                    <row>
                        <cell role="doi">10.1515/bzrp</cell>
                        <cell role="issn">0084-5396</cell>
                        <cell role="name">Beihefte zur Zeitschrift für romanische Philologie</cell>
                    </row>
                    <row>
                        <cell role="doi">10.1515/DF</cell>
                        <cell role="issn">0940-5992</cell>
                        <cell role="name">Beiträge zur Dialogforschung</cell>
                    </row>
                    <row>
                        <cell role="doi">10.1515/df</cell>
                        <cell role="issn">0940-5992</cell>
                        <cell role="name">Beiträge zur Dialogforschung</cell>
                    </row>
                    <row>
                        <cell role="doi">10.1515/CANROM</cell>
                        <cell role="issn">0933-2421</cell>
                        <cell role="name">Canadiana Romanica</cell>
                    </row>
                    <row>
                        <cell role="doi">10.1515/canrom</cell>
                        <cell role="issn">0933-2421</cell>
                        <cell role="name">Canadiana Romanica</cell>
                    </row>
                    <row>
                        <cell role="doi">10.1515/CISO</cell>
                        <cell role="issn">0069-4290</cell>
                        <cell role="name">Civilisations et Sociétés</cell>
                    </row>
                    <row>
                        <cell role="doi">10.1515/ciso</cell>
                        <cell role="issn">0069-4290</cell>
                        <cell role="name">Civilisations et Sociétés</cell>
                    </row>
                    <row>
                        <cell role="doi">10.1515/CISO-B</cell>
                        <cell role="issn">0069-4290</cell>
                        <cell role="name">Civilisations et Sociétés</cell>
                    </row>
                    <row>
                        <cell role="doi">10.1515/ciso-b</cell>
                        <cell role="issn">0069-4290</cell>
                        <cell role="name">Civilisations et Sociétés</cell>
                    </row>
                    <row>
                        <cell role="doi">10.1515/CAGB</cell>
                        <cell role="issn">1864-4805</cell>
                        <cell role="name">Commentaria in Aristotelem Graeca et Byzantina</cell>
                    </row>
                    <row>
                        <cell role="doi">10.1515/cagb</cell>
                        <cell role="issn">1864-4805</cell>
                        <cell role="name">Commentaria in Aristotelem Graeca et Byzantina</cell>
                    </row>
                    <row>
                        <cell role="doi">10.1515/CAGB-B</cell>
                        <cell role="issn">1864-4805</cell>
                        <cell role="name">Commentaria in Aristotelem Graeca et Byzantina</cell>
                    </row>
                    <row>
                        <cell role="doi">10.1515/cagb-b</cell>
                        <cell role="issn">1864-4805</cell>
                        <cell role="name">Commentaria in Aristotelem Graeca et Byzantina</cell>
                    </row>
                    <row>
                        <cell role="doi">10.1515/com</cell>
                        <cell role="issn">0941-1704</cell>
                        <cell role="name">Communicatio : Kultur – Text – Medium</cell>
                    </row>
                    <row>
                        <cell role="doi">10.1515/COM</cell>
                        <cell role="issn">0941-1704</cell>
                        <cell role="name">Communicatio : Kultur – Text – Medium</cell>
                    </row>
                    <row>
                        <cell role="doi">10.1515/chwh</cell>
                        <cell role="name">Chromatiques whiteheadiennes</cell>
                    </row>
                    <row>
                        <cell role="doi">10.1515/CHWH</cell>
                        <cell role="name">Chromatiques whiteheadiennes</cell>
                    </row>
                    <row>
                        <cell role="doi">10.1515/CONSTANT</cell>
                        <cell role="name">Benjamin Constant: Œuvres complètes</cell>
                    </row>
                    <row>
                        <cell role="doi">10.1515/constant</cell>
                        <cell role="name">Benjamin Constant: Œuvres complètes</cell>
                    </row>
                    <row>
                        <cell role="doi">10.1515/CONSTANT-S1</cell>
                        <cell role="name">Benjamin Constant: Œuvres complètes</cell>
                    </row>
                    <row>
                        <cell role="doi">10.1515/constant-s1</cell>
                        <cell role="name">Benjamin Constant: Œuvres complètes</cell>
                    </row>
                    <row>
                        <cell role="doi">10.1515/CONSTANT-S2</cell>
                        <cell role="name">Benjamin Constant: Œuvres complètes</cell>
                    </row>
                    <row>
                        <cell role="doi">10.1515/constant-s2</cell>
                        <cell role="name">Benjamin Constant: Œuvres complètes</cell>
                    </row>
                    <row>
                        <cell role="doi">10.1515/COWB</cell>
                        <cell role="name">Constitutions of the World from the late 18th Century to
                            the Middle of the 19th Century</cell>
                    </row>
                    <row>
                        <cell role="doi">10.1515/cowb</cell>
                        <cell role="name">Constitutions of the World from the late 18th Century to
                            the Middle of the 19th Century</cell>
                    </row>
                    <row>
                        <cell role="doi">10.1515/DAG</cell>
                        <cell role="name">Dictionnaire onomasiologique de l’ancien gascon
                            (DAG)</cell>
                    </row>
                    <row>
                        <cell role="doi">10.1515/dag</cell>
                        <cell role="name">Dictionnaire onomasiologique de l’ancien gascon
                            (DAG)</cell>
                    </row>
                    <row>
                        <cell role="doi">10.1515/DEAF</cell>
                        <cell role="name">Dictionnaire étymologique de l’ancien français
                            (DEAF)</cell>
                    </row>
                    <row>
                        <cell role="doi">10.1515/deaf</cell>
                        <cell role="name">Dictionnaire étymologique de l’ancien français
                            (DEAF)</cell>
                    </row>
                    <row>
                        <cell role="doi">10.1515/DHAR</cell>
                        <cell role="name">Dictionnaire historique de l’anthroponymie romane
                            (Patronymica Romanica)</cell>
                    </row>
                    <row>
                        <cell role="doi">10.1515/dhar</cell>
                        <cell role="name">Dictionnaire historique de l’anthroponymie romane
                            (Patronymica Romanica)</cell>
                    </row>
                    <row>
                        <cell role="doi">10.1515/DHAR-B</cell>
                        <cell role="name">Dictionnaire historique de l’anthroponymie romane
                            (Patronymica Romanica)</cell>
                    </row>
                    <row>
                        <cell role="doi">10.1515/dhar-b</cell>
                        <cell role="name">Dictionnaire historique de l’anthroponymie romane
                            (Patronymica Romanica)</cell>
                    </row>
                    <row>
                        <cell role="doi">10.1515/DWP</cell>
                        <cell role="name">The Dynamics of Wordplay</cell>
                    </row>
                    <row>
                        <cell role="doi">10.1515/dwp</cell>
                        <cell role="name">The Dynamics of Wordplay</cell>
                    </row>
                    <row>
                        <cell role="doi">10.1515/EAA</cell>
                        <cell role="name">Encyclopédie linguistique d’Al-Andalus</cell>
                    </row>
                    <row>
                        <cell role="doi">10.1515/eaa</cell>
                        <cell role="name">Encyclopédie linguistique d’Al-Andalus</cell>
                    </row>
                    <row>
                        <cell role="doi">10.1515/EAA-B</cell>
                        <cell role="name">Encyclopédie linguistique d’Al-Andalus</cell>
                    </row>
                    <row>
                        <cell role="doi">10.1515/eaa-b</cell>
                        <cell role="name">Encyclopédie linguistique d’Al-Andalus</cell>
                    </row>
                    <row>
                        <cell role="doi">10.1515/ELF-B</cell>
                        <cell role="issn">2365-2071</cell>
                        <cell role="name">Études de linguistique française</cell>
                    </row>
                    <row>
                        <cell role="doi">10.1515/elf-b</cell>
                        <cell role="issn">2365-2071</cell>
                        <cell role="name">Études de linguistique française</cell>
                    </row>
                    <row>
                        <cell role="doi">10.1515/HI-B</cell>
                        <cell role="name">Publications de l’Université des Sciences Sociales de
                            Grenoble. Série Histoire Institutionelle</cell>
                    </row>
                    <row>
                        <cell role="doi">10.1515/hi-b</cell>
                        <cell role="name">Publications de l’Université des Sciences Sociales de
                            Grenoble. Série Histoire Institutionelle</cell>
                    </row>
                    <row>
                        <cell role="doi">10.1515/LEXSM</cell>
                        <cell role="issn">0175-9264</cell>
                        <cell role="name">Lexicographica. Series Maior : Supplementbände zum
                            Internationalen Jahrbuch für Lexikographie</cell>
                    </row>
                    <row>
                        <cell role="doi">10.1515/lexsm</cell>
                        <cell role="issn">0175-9264</cell>
                        <cell role="name">Lexicographica. Series Maior : Supplementbände zum
                            Internationalen Jahrbuch für Lexikographie</cell>
                    </row>
                    <row>
                        <cell role="doi">10.1515/MST</cell>
                        <cell role="issn">1862-1139</cell>
                        <cell role="name">Millennium-Studien / Millennium Studies : Studien zu
                            Kultur und Geschichte des ersten Jahrtausends n. Chr. / Studies in the
                            Culture and History of the First Millennium C.E.</cell>
                    </row>
                    <row>
                        <cell role="doi">10.1515/mst</cell>
                        <cell role="issn">1862-1139</cell>
                        <cell role="name">Millennium-Studien / Millennium Studies : Studien zu
                            Kultur und Geschichte des ersten Jahrtausends n. Chr. / Studies in the
                            Culture and History of the First Millennium C.E.</cell>
                    </row>
                    <row>
                        <cell role="doi">10.1515/MIME-B</cell>
                        <cell role="issn">0178-7489</cell>
                        <cell role="name">Mimesis</cell>
                    </row>
                    <row>
                        <cell role="doi">10.1515/mime-b</cell>
                        <cell role="issn">0178-7489</cell>
                        <cell role="name">Mimesis</cell>
                    </row>
                    <row>
                        <cell role="doi">10.1515/MOMD-B</cell>
                        <cell role="name">Le Monde d'Outre-Mer passé et Présent, Série
                            Documents</cell>
                    </row>
                    <row>
                        <cell role="doi">10.1515/momd-b</cell>
                        <cell role="name">Le Monde d'Outre-Mer passé et Présent, Série
                            Documents</cell>
                    </row>
                    <row>
                        <cell role="doi">10.1515/MOME</cell>
                        <cell role="name">Le Monde d’Outre-Mer Passé et Présent / Série
                            Études</cell>
                    </row>
                    <row>
                        <cell role="doi">10.1515/mome</cell>
                        <cell role="name">Le Monde d’Outre-Mer Passé et Présent / Série
                            Études</cell>
                    </row>
                    <row>
                        <cell role="doi">10.1515/MRL</cell>
                        <cell role="name">Manuals of Romance Linguistics</cell>
                    </row>
                    <row>
                        <cell role="doi">10.1515/mrl</cell>
                        <cell role="name">Manuals of Romance Linguistics</cell>
                    </row>
                    <row>
                        <cell role="doi">10.1515/MSH-B</cell>
                        <cell role="name">Mathématiques et Sciences de l'Homme</cell>
                    </row>
                    <row>
                        <cell role="doi">10.1515/msh-b</cell>
                        <cell role="name">Mathématiques et Sciences de l'Homme</cell>
                    </row>
                    <row>
                        <cell role="doi">10.1515/MTNF</cell>
                        <cell role="issn">1862-1260</cell>
                        <cell role="name">Monographien und Texte zur Nietzsche-Forschung</cell>
                    </row>
                    <row>
                        <cell role="doi">10.1515/mtnf</cell>
                        <cell role="issn">1862-1260</cell>
                        <cell role="name">Monographien und Texte zur Nietzsche-Forschung</cell>
                    </row>
                    <row>
                        <cell role="doi">10.1515/PHS-B</cell>
                        <cell role="issn">0479-5997</cell>
                        <cell role="name">Pariser Historische Studien</cell>
                    </row>
                    <row>
                        <cell role="doi">10.1515/phs-b</cell>
                        <cell role="issn">0479-5997</cell>
                        <cell role="name">Pariser Historische Studien</cell>
                    </row>
                    <row>
                        <cell role="doi">10.1515/RU</cell>
                        <cell role="name">La recherche urbaine</cell>
                    </row>
                    <row>
                        <cell role="doi">10.1515/ru</cell>
                        <cell role="name">La recherche urbaine</cell>
                    </row>
                    <row>
                        <cell role="doi">10.1515/RU-B</cell>
                        <cell role="name">La recherche urbaine</cell>
                    </row>
                    <row>
                        <cell role="doi">10.1515/ru-b</cell>
                        <cell role="name">La recherche urbaine</cell>
                    </row>
                    <row>
                        <cell role="doi">10.1515/SED-B</cell>
                        <cell role="name">Séries Économie du Développement</cell>
                    </row>
                    <row>
                        <cell role="doi">10.1515/sed-b</cell>
                        <cell role="name">Séries Économie du Développement</cell>
                    </row>
                    <row>
                        <cell role="doi">10.1515/SGA</cell>
                        <cell role="issn">1868-7172</cell>
                        <cell role="name">Scientia Graeco-Arabica</cell>
                    </row>
                    <row>
                        <cell role="doi">10.1515/sga</cell>
                        <cell role="issn">1868-7172</cell>
                        <cell role="name">Scientia Graeco-Arabica</cell>
                    </row>
                    <row>
                        <cell role="doi">10.1515/SGA-B</cell>
                        <cell role="issn">1868-7172</cell>
                        <cell role="name">Scientia Graeco-Arabica</cell>
                    </row>
                    <row>
                        <cell role="doi">10.1515/sga-b</cell>
                        <cell role="issn">1868-7172</cell>
                        <cell role="name">Scientia Graeco-Arabica</cell>
                    </row>
                    <row>
                        <cell role="doi">10.1515/SF</cell>
                        <cell role="issn">1422-4445</cell>
                        <cell role="name">Scrinium Friburgense : Veröffentlichungen des
                            Mediävistischen Instituts der Universität Freiburg</cell>
                    </row>
                    <row>
                        <cell role="doi">10.1515/sf</cell>
                        <cell role="issn">1422-4445</cell>
                        <cell role="name">Scrinium Friburgense : Veröffentlichungen des
                            Mediävistischen Instituts der Universität Freiburg</cell>
                    </row>
                    <row>
                        <cell role="doi">10.1515/sp</cell>
                        <cell role="issn">1869-7143</cell>
                        <cell role="name">Studia Praesocratica</cell>
                    </row>
                    <row>
                        <cell role="doi">10.1515/SP</cell>
                        <cell role="issn">1869-7143</cell>
                        <cell role="name">Studia Praesocratica</cell>
                    </row>
                    <row>
                        <cell role="doi">10.1515/SBS-B</cell>
                        <cell role="issn">1097-4806</cell>
                        <cell role="name">Studies in Byzantine Sigillography</cell>
                    </row>
                    <row>
                        <cell role="doi">10.1515/sbs-b</cell>
                        <cell role="issn">1097-4806</cell>
                        <cell role="name">Studies in Byzantine Sigillography</cell>
                    </row>
                    <row>
                        <cell role="doi">10.1515/SH-B</cell>
                        <cell role="name">Le Savoir Historique</cell>
                    </row>
                    <row>
                        <cell role="doi">10.1515/sh-b</cell>
                        <cell role="name">Le Savoir Historique</cell>
                    </row>
                    <row>
                        <cell role="doi">10.1515/SHS-B</cell>
                        <cell role="name">Serie Histoire Sociale</cell>
                    </row>
                    <row>
                        <cell role="doi">10.1515/shs-b</cell>
                        <cell role="name">Serie Histoire Sociale</cell>
                    </row>
                    <row>
                        <cell role="doi">10.1515/sme</cell>
                        <cell role="issn">2198-0853</cell>
                        <cell role="name">Studies in the History and Culture of the Middle
                            East</cell>
                    </row>
                    <row>
                        <cell role="doi">10.1515/SME</cell>
                        <cell role="issn">2198-0853</cell>
                        <cell role="name">Studies in the History and Culture of the Middle
                            East</cell>
                    </row>
                    <row>
                        <cell role="doi">10.1515/SP</cell>
                        <cell role="name">Studia Praesocratica</cell>
                    </row>
                    <row>
                        <cell role="doi">10.1515/sp</cell>
                        <cell role="name">Studia Praesocratica</cell>
                    </row>
                    <row>
                        <cell role="doi">10.1515/TILLR</cell>
                        <cell role="name">Tillich Research : Tillich-Forschungen / Recherches sur
                            Tillich</cell>
                    </row>
                    <row>
                        <cell role="doi">10.1515/tillr</cell>
                        <cell role="name">Tillich Research : Tillich-Forschungen / Recherches sur
                            Tillich</cell>
                    </row>
                    <row>
                        <cell role="doi">10.1515/TSS</cell>
                        <cell role="name">Textes de Sciences Sociales</cell>
                    </row>
                    <row>
                        <cell role="doi">10.1515/tss</cell>
                        <cell role="name">Textes de Sciences Sociales</cell>
                    </row>
                    <row>
                        <cell role="doi">10.1515/TU</cell>
                        <cell role="issn">0082-3589" name ="Texte und Untersuchungen zur Geschichte
                            der altchristlichen Literatur</cell>
                    </row>
                    <row>
                        <cell role="doi">10.1515/tu</cell>
                        <cell role="issn">0082-3589" name ="Texte und Untersuchungen zur Geschichte
                            der altchristlichen Literatur</cell>
                    </row>
                    <row>
                        <cell role="doi">10.1515/UALG</cell>
                        <cell role="issn">1862-1112</cell>
                        <cell role="name">Untersuchungen zur antiken Literatur und Geschichte</cell>
                    </row>
                    <row>
                        <cell role="doi">10.1515/ualg</cell>
                        <cell role="issn">1862-1112</cell>
                        <cell role="name">Untersuchungen zur antiken Literatur und Geschichte</cell>
                    </row>
                    <row>
                        <cell role="doi">10.1515/ANMO</cell>
                        <cell role="name">Antike in der Moderne</cell>
                    </row>
                    <row>
                        <cell role="doi">10.1515/anmo</cell>
                        <cell role="name">Antike in der Moderne</cell>
                    </row>
                    <row>
                        <cell role="doi">10.1515/APF-BEIH</cell>
                        <cell role="issn">1868-9337</cell>
                        <cell role="name">Archiv für Papyrusforschung und verwandte Gebiete -
                            Beihefte</cell>
                    </row>
                    <row>
                        <cell role="doi">10.1515/apf-beih</cell>
                        <cell role="issn">1868-9337</cell>
                        <cell role="name">Archiv für Papyrusforschung und verwandte Gebiete -
                            Beihefte</cell>
                    </row>
                    <row>
                        <cell role="doi">10.1515/APF-BEIH-B</cell>
                        <cell role="issn">1868-9337</cell>
                        <cell role="name">Archiv für Papyrusforschung und verwandte Gebiete -
                            Beihefte</cell>
                    </row>
                    <row>
                        <cell role="doi">10.1515/apf-beih-b</cell>
                        <cell role="issn">1868-9337</cell>
                        <cell role="name">Archiv für Papyrusforschung und verwandte Gebiete -
                            Beihefte</cell>
                    </row>
                    <row>
                        <cell role="doi">10.1515/apfeih</cell>
                        <cell role="issn">1868-9337</cell>
                        <cell role="name">Archiv für Papyrusforschung und verwandte Gebiete -
                            Beihefte</cell>
                    </row>
                    <row>
                        <cell role="doi">10.1515/APFEIH</cell>
                        <cell role="issn">1868-9337</cell>
                        <cell role="name">Archiv für Papyrusforschung und verwandte Gebiete -
                            Beihefte</cell>
                    </row>
                    <row>
                        <cell role="doi">10.1515/ba</cell>
                        <cell role="issn">1864-9785</cell>
                        <cell role="name">Byzantinisches Archiv : als Ergänzung zur Byzantinischen
                            Zeitschrift</cell>
                    </row>
                    <row>
                        <cell role="doi">10.1515/BA</cell>
                        <cell role="issn">1864-9785</cell>
                        <cell role="name">Byzantinisches Archiv : als Ergänzung zur Byzantinischen
                            Zeitschrift</cell>
                    </row>
                    <row>
                        <cell role="doi">10.1515/BKT</cell>
                        <cell role="issn">2365-8649</cell>
                        <cell role="name">Berliner Klassikertexte</cell>
                    </row>
                    <row>
                        <cell role="doi">10.1515/bkt</cell>
                        <cell role="issn">2365-8649</cell>
                        <cell role="name">Berliner Klassikertexte</cell>
                    </row>
                    <row>
                        <cell role="doi">10.1515/bt</cell>
                        <cell role="issn">1864-399X</cell>
                        <cell role="name">Bibliotheca scriptorum Graecorum et Romanorum
                            Teubneriana</cell>
                    </row>
                    <row>
                        <cell role="doi">10.1515/BT</cell>
                        <cell role="issn">1864-399X</cell>
                        <cell role="name">Bibliotheca scriptorum Graecorum et Romanorum
                            Teubneriana</cell>
                    </row>
                    <row>
                        <cell role="doi">10.1515/BZA</cell>
                        <cell role="issn">1616-0452</cell>
                        <cell role="name">Beiträge zur Altertumskunde</cell>
                    </row>
                    <row>
                        <cell role="doi">10.1515/bza</cell>
                        <cell role="issn">1616-0452</cell>
                        <cell role="name">Beiträge zur Altertumskunde</cell>
                    </row>
                    <row>
                        <cell role="doi">10.1515/CAG</cell>
                        <cell role="name">Commentaria in Aristotelem Graeca</cell>
                    </row>
                    <row>
                        <cell role="doi">10.1515/cag</cell>
                        <cell role="name">Commentaria in Aristotelem Graeca</cell>
                    </row>
                    <row>
                        <cell role="doi">10.1515/CAGB</cell>
                        <cell role="issn">1864-4805</cell>
                        <cell role="name">Commentaria in Aristotelem Graeca et Byzantina</cell>
                    </row>
                    <row>
                        <cell role="doi">10.1515/cagb</cell>
                        <cell role="issn">1864-4805</cell>
                        <cell role="name">Commentaria in Aristotelem Graeca et Byzantina</cell>
                    </row>
                    <row>
                        <cell role="doi">10.1515/CFHB</cell>
                        <cell role="issn">0589-8048</cell>
                        <cell role="name">Corpus Fontium Historiae Byzantinae - Series
                            Berolinensis</cell>
                    </row>
                    <row>
                        <cell role="doi">10.1515/cfhb</cell>
                        <cell role="issn">0589-8048</cell>
                        <cell role="name">Corpus Fontium Historiae Byzantinae - Series
                            Berolinensis</cell>
                    </row>
                    <row>
                        <cell role="doi">10.1515/CFHB-B</cell>
                        <cell role="issn">0589-8048</cell>
                        <cell role="name">Corpus Fontium Historiae Byzantinae - Series
                            Berolinensis</cell>
                    </row>
                    <row>
                        <cell role="doi">10.1515/cfhb-b</cell>
                        <cell role="issn">0589-8048</cell>
                        <cell role="name">Corpus Fontium Historiae Byzantinae - Series
                            Berolinensis</cell>
                    </row>
                    <row>
                        <cell role="doi">10.1515/CLGP</cell>
                        <cell role="name">Commentaria et lexica Graeca in papyris reperta
                            (CLGP)</cell>
                    </row>
                    <row>
                        <cell role="doi">10.1515/clgp</cell>
                        <cell role="name">Commentaria et lexica Graeca in papyris reperta
                            (CLGP)</cell>
                    </row>
                    <row>
                        <cell role="doi">10.1515/CMG</cell>
                        <cell role="issn">0070-0347</cell>
                        <cell role="name">Corpus Medicorum Graecorum</cell>
                    </row>
                    <row>
                        <cell role="doi">10.1515/cmg</cell>
                        <cell role="issn">0070-0347</cell>
                        <cell role="name">Corpus Medicorum Graecorum</cell>
                    </row>
                    <row>
                        <cell role="doi">10.1515/cml</cell>
                        <cell role="issn">0070-0355</cell>
                        <cell role="name">Corpus Medicorum Latinorum</cell>
                    </row>
                    <row>
                        <cell role="doi">10.1515/CML</cell>
                        <cell role="issn">0070-0355</cell>
                        <cell role="name">Corpus Medicorum Latinorum</cell>
                    </row>
                    <row>
                        <cell role="doi">10.1515/CR</cell>
                        <cell role="issn">1616-1157</cell>
                        <cell role="name">Colloquia Raurica</cell>
                    </row>
                    <row>
                        <cell role="doi">10.1515/cr</cell>
                        <cell role="issn">1616-1157</cell>
                        <cell role="name">Colloquia Raurica</cell>
                    </row>
                    <row>
                        <cell role="doi">10.1515/FN</cell>
                        <cell role="issn">0934-5531</cell>
                        <cell role="name">Frühe Neuzeit : Studien und Dokumente zur deutschen
                            Literatur und Kultur im europäischen Kontext</cell>
                    </row>
                    <row>
                        <cell role="doi">10.1515/fn</cell>
                        <cell role="issn">0934-5531</cell>
                        <cell role="name">Frühe Neuzeit : Studien und Dokumente zur deutschen
                            Literatur und Kultur im europäischen Kontext</cell>
                    </row>
                    <row>
                        <cell role="doi">10.1515/GD</cell>
                        <cell role="name">Griechische Dramen</cell>
                    </row>
                    <row>
                        <cell role="doi">10.1515/gd</cell>
                        <cell role="name">Griechische Dramen</cell>
                    </row>
                    <row>
                        <cell role="doi">10.1515/GFA</cell>
                        <cell role="issn">1866-7651</cell>
                        <cell role="name">Göttinger Forum für Altertumswissenschaft. Beihefte
                            N.F.</cell>
                    </row>
                    <row>
                        <cell role="doi">10.1515/gfa</cell>
                        <cell role="issn">1866-7651</cell>
                        <cell role="name">Göttinger Forum für Altertumswissenschaft. Beihefte
                            N.F.</cell>
                    </row>
                    <row>
                        <cell role="doi">10.1515/GFAB-NF-B</cell>
                        <cell role="issn">1866-7651</cell>
                        <cell role="name">Göttinger Forum für Altertumswissenschaft. Beihefte
                            N.F.</cell>
                    </row>
                    <row>
                        <cell role="doi">10.1515/gfab-nf-b</cell>
                        <cell role="issn">1866-7651</cell>
                        <cell role="name">Göttinger Forum für Altertumswissenschaft. Beihefte
                            N.F.</cell>
                    </row>
                    <row>
                        <cell role="doi">10.1515/GFAB-NF</cell>
                        <cell role="issn">1866-7651</cell>
                        <cell role="name">Göttinger Forum für Altertumswissenschaft. Beihefte
                            N.F.</cell>
                    </row>
                    <row>
                        <cell role="doi">10.1515/gfab-nf</cell>
                        <cell role="issn">1866-7651</cell>
                        <cell role="name">Göttinger Forum für Altertumswissenschaft. Beihefte
                            N.F.</cell>
                    </row>
                    <row>
                        <cell role="doi">10.1515/GM</cell>
                        <cell role="issn">2749-7089</cell>
                        <cell role="name">Griechisches Münzwerk</cell>
                    </row>
                    <row>
                        <cell role="doi">10.1515/gm</cell>
                        <cell role="issn">2749-7089</cell>
                        <cell role="name">Griechisches Münzwerk</cell>
                    </row>
                    <row>
                        <cell role="doi">10.1515/HLV</cell>
                        <cell role="issn">1861-6011</cell>
                        <cell role="name">Hans-Lietzmann-Vorlesungen</cell>
                    </row>
                    <row>
                        <cell role="doi">10.1515/hlv</cell>
                        <cell role="issn">1861-6011</cell>
                        <cell role="name">Hans-Lietzmann-Vorlesungen</cell>
                    </row>
                    <row>
                        <cell role="doi">10.1515/HOMER</cell>
                        <cell role="issn">1864-3426</cell>
                        <cell role="name">Sammlung wissenschaftlicher Commentare (SWC)</cell>
                    </row>
                    <row>
                        <cell role="doi">10.1515/homer</cell>
                        <cell role="issn">1864-3426</cell>
                        <cell role="name">Sammlung wissenschaftlicher Commentare (SWC)</cell>
                    </row>
                    <row>
                        <cell role="doi">10.1515/ICON</cell>
                        <cell role="issn">1868-4777</cell>
                        <cell role="name">Image &amp; Context</cell>
                    </row>
                    <row>
                        <cell role="doi">10.1515/icon</cell>
                        <cell role="issn">1868-4777</cell>
                        <cell role="name">Image &amp; Context</cell>
                    </row>
                    <row>
                        <cell role="doi">10.1515/ICON-B</cell>
                        <cell role="issn">1868-4777</cell>
                        <cell role="name">Image &amp; Context</cell>
                    </row>
                    <row>
                        <cell role="doi">10.1515/icon-b</cell>
                        <cell role="issn">1868-4777</cell>
                        <cell role="name">Image &amp; Context</cell>
                    </row>
                    <row>
                        <cell role="doi">10.1515/kadmos-s</cell>
                        <cell role="issn">0453-0586</cell>
                        <cell role="name">Kadmos/Supplemente</cell>
                    </row>
                    <row>
                        <cell role="doi">10.1515/KADMOS-S</cell>
                        <cell role="issn">0453-0586</cell>
                        <cell role="name">Kadmos/Supplemente</cell>
                    </row>
                    <row>
                        <cell role="doi">10.1515/KLIO-BH</cell>
                        <cell role="issn">1438-7689</cell>
                        <cell role="name">KLIO / Beihefte. Neue Folge</cell>
                    </row>
                    <row>
                        <cell role="doi">10.1515/klio-bh</cell>
                        <cell role="issn">1438-7689</cell>
                        <cell role="name">KLIO / Beihefte. Neue Folge</cell>
                    </row>
                    <row>
                        <cell role="doi">10.1515/LT</cell>
                        <cell role="name">Lectio Teubnerianae</cell>
                    </row>
                    <row>
                        <cell role="doi">10.1515/lt</cell>
                        <cell role="name">Lectio Teubnerianae</cell>
                    </row>
                    <row>
                        <cell role="doi">10.1515/MEP</cell>
                        <cell role="issn">1868-5080</cell>
                        <cell role="name">MythosEikonPoiesis</cell>
                    </row>
                    <row>
                        <cell role="doi">10.1515/mep</cell>
                        <cell role="issn">1868-5080</cell>
                        <cell role="name">MythosEikonPoiesis</cell>
                    </row>
                    <row>
                        <cell role="doi">10.1515/MEP-B</cell>
                        <cell role="issn">1868-5080</cell>
                        <cell role="name">MythosEikonPoiesis</cell>
                    </row>
                    <row>
                        <cell role="doi">10.1515/mep-b</cell>
                        <cell role="issn">1868-5080</cell>
                        <cell role="name">MythosEikonPoiesis</cell>
                    </row>
                    <row>
                        <cell role="doi">10.1515/mgs</cell>
                        <cell role="issn">2192-1296</cell>
                        <cell role="name">Militärgeschichtliche Studien</cell>
                    </row>
                    <row>
                        <cell role="doi">10.1515/MGS</cell>
                        <cell role="issn">2192-1296</cell>
                        <cell role="name">Militärgeschichtliche Studien</cell>
                    </row>
                    <row>
                        <cell role="doi">10.1515/MST</cell>
                        <cell role="issn">1862-1139</cell>
                        <cell role="name">Millennium-Studien / Millennium Studies : Studien zu
                            Kultur und Geschichte des ersten Jahrtausends n. Chr. / Studies in the
                            Culture and History of the First Millennium C.E.</cell>
                    </row>
                    <row>
                        <cell role="doi">10.1515/mst</cell>
                        <cell role="issn">1862-1139</cell>
                        <cell role="name">Millennium-Studien / Millennium Studies : Studien zu
                            Kultur und Geschichte des ersten Jahrtausends n. Chr. / Studies in the
                            Culture and History of the First Millennium C.E.</cell>
                    </row>
                    <row>
                        <cell role="doi">10.1515/mst-b</cell>
                        <cell role="issn">1862-1139</cell>
                        <cell role="name">Millennium-Studien / Millennium Studies : Studien zu
                            Kultur und Geschichte des ersten Jahrtausends n. Chr. / Studies in the
                            Culture and History of the First Millennium C.E.</cell>
                    </row>
                    <row>
                        <cell role="doi">10.1515/MST-B</cell>
                        <cell role="issn">1862-1139</cell>
                        <cell role="name">Millennium-Studien / Millennium Studies : Studien zu
                            Kultur und Geschichte des ersten Jahrtausends n. Chr. / Studies in the
                            Culture and History of the First Millennium C.E.</cell>
                    </row>
                    <row>
                        <cell role="doi">10.1515/ogg</cell>
                        <cell role="issn">2190-2976</cell>
                        <cell role="name">Oldenbourg Grundriss der Geschichte</cell>
                    </row>
                    <row>
                        <cell role="doi">10.1515/OGG</cell>
                        <cell role="issn">2190-2976</cell>
                        <cell role="name">Oldenbourg Grundriss der Geschichte</cell>
                    </row>
                    <row>
                        <cell role="doi">10.1515/peripato</cell>
                        <cell role="issn">1862-1465</cell>
                        <cell role="name">Peripatoi</cell>
                    </row>
                    <row>
                        <cell role="doi">10.1515/PERIPATO</cell>
                        <cell role="issn">1862-1465</cell>
                        <cell role="name">Peripatoi</cell>
                    </row>
                    <row>
                        <cell role="doi">10.1515/phsup</cell>
                        <cell role="issn">2199-0255</cell>
                        <cell role="name">Philologus. Supplemente / Philologus. Supplementary
                            Volumes</cell>
                    </row>
                    <row>
                        <cell role="doi">10.1515/PHSUP</cell>
                        <cell role="issn">2199-0255</cell>
                        <cell role="name">Philologus. Supplemente / Philologus. Supplementary
                            Volumes</cell>
                    </row>
                    <row>
                        <cell role="doi">10.1515/rga-e</cell>
                        <cell role="issn">1866-7678</cell>
                        <cell role="name">Ergänzungsbände zum Reallexikon der Germanischen
                            Altertumskunde</cell>
                    </row>
                    <row>
                        <cell role="doi">10.1515/RGA-E</cell>
                        <cell role="issn">1866-7678</cell>
                        <cell role="name">Ergänzungsbände zum Reallexikon der Germanischen
                            Altertumskunde</cell>
                    </row>
                    <row>
                        <cell role="doi">10.1515/rga-erg</cell>
                        <cell role="issn">1866-7678</cell>
                        <cell role="name">Ergänzungsbände zum Reallexikon der Germanischen
                            Altertumskunde</cell>
                    </row>
                    <row>
                        <cell role="doi">10.1515/RGA-ERG</cell>
                        <cell role="issn">1866-7678</cell>
                        <cell role="name">Ergänzungsbände zum Reallexikon der Germanischen
                            Altertumskunde</cell>
                    </row>
                    <row>
                        <cell role="doi">10.1515/rgvv</cell>
                        <cell role="issn">0939-2580</cell>
                        <cell role="name">Religionsgeschichtliche Versuche und Vorarbeiten</cell>
                    </row>
                    <row>
                        <cell role="doi">10.1515/RGVV</cell>
                        <cell role="issn">0939-2580</cell>
                        <cell role="name">Religionsgeschichtliche Versuche und Vorarbeiten</cell>
                    </row>
                    <row>
                        <cell role="doi">10.1515/RHET-F</cell>
                        <cell role="issn">0939-6462</cell>
                        <cell role="name">Rhetorik-Forschungen</cell>
                    </row>
                    <row>
                        <cell role="doi">10.1515/rhet-f</cell>
                        <cell role="issn">0939-6462</cell>
                        <cell role="name">Rhetorik-Forschungen</cell>
                    </row>
                    <row>
                        <cell role="doi">10.1515/sagoesch</cell>
                        <cell role="name">Sammlung Göschen</cell>
                    </row>
                    <row>
                        <cell role="doi">10.1515/SAGOESCH</cell>
                        <cell role="name">Sammlung Göschen</cell>
                    </row>
                    <row>
                        <cell role="doi">10.1515/saner</cell>
                        <cell role="issn">2161-4415</cell>
                        <cell role="name">Studies in Ancient Near Eastern Records (SANER)</cell>
                    </row>
                    <row>
                        <cell role="doi">10.1515/SANER</cell>
                        <cell role="issn">2161-4415</cell>
                        <cell role="name">Studies in Ancient Near Eastern Records (SANER)</cell>
                    </row>
                    <row>
                        <cell role="doi">10.1515/saner-b</cell>
                        <cell role="issn">2161-4415</cell>
                        <cell role="name">Studies in Ancient Near Eastern Records (SANER)</cell>
                    </row>
                    <row>
                        <cell role="doi">10.1515/SANER-B</cell>
                        <cell role="issn">2161-4415</cell>
                        <cell role="name">Studies in Ancient Near Eastern Records (SANER)</cell>
                    </row>
                    <row>
                        <cell role="doi">10.1515/sf</cell>
                        <cell role="issn">1422-4445</cell>
                        <cell role="name">Scrinium Friburgense : Veröffentlichungen des
                            Mediävistischen Instituts der Universität Freiburg</cell>
                    </row>
                    <row>
                        <cell role="doi">10.1515/SF</cell>
                        <cell role="issn">1422-4445</cell>
                        <cell role="name">Scrinium Friburgense : Veröffentlichungen des
                            Mediävistischen Instituts der Universität Freiburg</cell>
                    </row>
                    <row>
                        <cell role="doi">10.1515/sglg</cell>
                        <cell role="issn">1862-2372</cell>
                        <cell role="name">Sammlung griechischer und lateinischer Grammatiker</cell>
                    </row>
                    <row>
                        <cell role="doi">10.1515/SGLG</cell>
                        <cell role="issn">1862-2372</cell>
                        <cell role="name">Sammlung griechischer und lateinischer Grammatiker</cell>
                    </row>
                    <row>
                        <cell role="doi">10.1515/SGLG-B</cell>
                        <cell role="issn">1862-2372</cell>
                        <cell role="name">Sammlung griechischer und lateinischer Grammatiker</cell>
                    </row>
                    <row>
                        <cell role="doi">10.1515/sglg-b</cell>
                        <cell role="issn">1862-2372</cell>
                        <cell role="name">Sammlung griechischer und lateinischer Grammatiker</cell>
                    </row>
                    <row>
                        <cell role="doi">10.1515/SOZOMENA</cell>
                        <cell role="issn">1869-6368</cell>
                        <cell role="name">Sozomena : studies in the recovery of ancient texts</cell>
                    </row>
                    <row>
                        <cell role="doi">10.1515/sozomena</cell>
                        <cell role="issn">1869-6368</cell>
                        <cell role="name">Sozomena : studies in the recovery of ancient texts</cell>
                    </row>
                    <row>
                        <cell role="doi">10.1515/spplyz</cell>
                        <cell role="issn">0933-5080</cell>
                        <cell role="name">Supplementa Byzantina: Texte und Untersuchungen</cell>
                    </row>
                    <row>
                        <cell role="doi">10.1515/SPPLYZ</cell>
                        <cell role="issn">0933-5080</cell>
                        <cell role="name">Supplementa Byzantina: Texte und Untersuchungen</cell>
                    </row>
                    <row>
                        <cell role="doi">10.1515/stio</cell>
                        <cell role="issn">1862-1295</cell>
                        <cell role="name">Studien zur Geschichte und Kultur des islamischen
                            Orients</cell>
                    </row>
                    <row>
                        <cell role="doi">10.1515/STIO</cell>
                        <cell role="issn">1862-1295</cell>
                        <cell role="name">Studien zur Geschichte und Kultur des islamischen
                            Orients</cell>
                    </row>
                    <row>
                        <cell role="doi">10.1515/stj</cell>
                        <cell role="issn">0585-5306</cell>
                        <cell role="name">Studia Judaica : Forschungen zur Wissenschaft des
                            Judentums</cell>
                    </row>
                    <row>
                        <cell role="doi">10.1515/STJ</cell>
                        <cell role="issn">0585-5306</cell>
                        <cell role="name">Studia Judaica : Forschungen zur Wissenschaft des
                            Judentums</cell>
                    </row>
                    <row>
                        <cell role="doi">10.1515/stmac</cell>
                        <cell role="issn">2194-976X</cell>
                        <cell role="name">Science, Technology, and Medicine in Ancient
                            Cultures</cell>
                    </row>
                    <row>
                        <cell role="doi">10.1515/STMAC</cell>
                        <cell role="issn">2194-976X</cell>
                        <cell role="name">Science, Technology, and Medicine in Ancient
                            Cultures</cell>
                    </row>
                    <row>
                        <cell role="doi">10.1515/suf</cell>
                        <cell role="issn">0138-3361</cell>
                        <cell role="name">Schriften zur Ur- und Frühgeschichte</cell>
                    </row>
                    <row>
                        <cell role="doi">10.1515/SUF</cell>
                        <cell role="issn">0138-3361</cell>
                        <cell role="name">Schriften zur Ur- und Frühgeschichte</cell>
                    </row>
                    <row>
                        <cell role="doi">10.1515/SWC</cell>
                        <cell role="issn">1864-3426</cell>
                        <cell role="name">Sammlung wissenschaftlicher Commentare (SWC)</cell>
                    </row>
                    <row>
                        <cell role="doi">10.1515/swc</cell>
                        <cell role="issn">1864-3426</cell>
                        <cell role="name">Sammlung wissenschaftlicher Commentare (SWC)</cell>
                    </row>
                    <row>
                        <cell role="doi">10.1515/SWC-B</cell>
                        <cell role="issn">1864-3426</cell>
                        <cell role="name">Sammlung wissenschaftlicher Commentare (SWC)</cell>
                    </row>
                    <row>
                        <cell role="doi">10.1515/swc-b</cell>
                        <cell role="issn">1864-3426</cell>
                        <cell role="name">Sammlung wissenschaftlicher Commentare (SWC)</cell>
                    </row>
                    <row>
                        <cell role="doi">10.1515/TA</cell>
                        <cell role="issn">1864-5208</cell>
                        <cell role="name">Transformationen der Antike</cell>
                    </row>
                    <row>
                        <cell role="doi">10.1515/ta</cell>
                        <cell role="issn">1864-5208</cell>
                        <cell role="name">Transformationen der Antike</cell>
                    </row>
                    <row>
                        <cell role="doi">10.1515/TA-B</cell>
                        <cell role="issn">1864-5208</cell>
                        <cell role="name">Transformationen der Antike</cell>
                    </row>
                    <row>
                        <cell role="doi">10.1515/ta-b</cell>
                        <cell role="issn">1864-5208</cell>
                        <cell role="name">Transformationen der Antike</cell>
                    </row>
                    <row>
                        <cell role="doi">10.1515/tcsv</cell>
                        <cell role="issn">1868-4785</cell>
                        <cell role="name">Trends in Classics - Supplementary Volumes</cell>
                    </row>
                    <row>
                        <cell role="doi">10.1515/TCSV</cell>
                        <cell role="issn">1868-4785</cell>
                        <cell role="name">Trends in Classics - Supplementary Volumes</cell>
                    </row>
                    <row>
                        <cell role="doi">10.1515/TCSV-B</cell>
                        <cell role="issn">1868-4785</cell>
                        <cell role="name">Trends in Classics - Supplementary Volumes</cell>
                    </row>
                    <row>
                        <cell role="doi">10.1515/tcsv-b</cell>
                        <cell role="issn">1868-4785</cell>
                        <cell role="name">Trends in Classics - Supplementary Volumes</cell>
                    </row>
                    <row>
                        <cell role="doi">10.1515/TOPOI</cell>
                        <cell role="issn">2191-5806</cell>
                        <cell role="name">Topoi - Berlin Studies of the Ancient World/Topoi -
                            Berliner Studien der Alten Welt</cell>
                    </row>
                    <row>
                        <cell role="doi">10.1515/topoi</cell>
                        <cell role="issn">2191-5806</cell>
                        <cell role="name">Topoi - Berlin Studies of the Ancient World/Topoi -
                            Berliner Studien der Alten Welt</cell>
                    </row>
                    <row>
                        <cell role="doi">10.1515/TU</cell>
                        <cell role="issn">0082-3589</cell>
                        <cell role="name">Texte und Untersuchungen zur Geschichte der
                            altchristlichen Literatur</cell>
                    </row>
                    <row>
                        <cell role="doi">10.1515/tu</cell>
                        <cell role="issn">0082-3589</cell>
                        <cell role="name">Texte und Untersuchungen zur Geschichte der
                            altchristlichen Literatur</cell>
                    </row>
                    <row>
                        <cell role="doi">10.1515/tuk</cell>
                        <cell role="issn">0563-3087</cell>
                        <cell role="name">Texte und Kommentare : Eine altertumswissenschaftliche
                            Reihe</cell>
                    </row>
                    <row>
                        <cell role="doi">10.1515/TUK</cell>
                        <cell role="issn">0563-3087</cell>
                        <cell role="name">Texte und Kommentare : Eine altertumswissenschaftliche
                            Reihe</cell>
                    </row>
                    <row>
                        <cell role="doi">10.1515/tusculum</cell>
                        <cell role="name">Sammlung Tusculum</cell>
                    </row>
                    <row>
                        <cell role="doi">10.1515/TUSCULUM</cell>
                        <cell role="name">Sammlung Tusculum</cell>
                    </row>
                    <row>
                        <cell role="doi">10.1515/UALG</cell>
                        <cell role="issn">1862-1112</cell>
                        <cell role="name">Untersuchungen zur antiken Literatur und Geschichte</cell>
                    </row>
                    <row>
                        <cell role="doi">10.1515/ualg</cell>
                        <cell role="issn">1862-1112</cell>
                        <cell role="name">Untersuchungen zur antiken Literatur und Geschichte</cell>
                    </row>
                    <row>
                        <cell role="doi">10.1515/uava</cell>
                        <cell role="issn">0502-7012</cell>
                        <cell role="name">Untersuchungen zur Assyriologie und vorderasiatischen
                            Archäologie</cell>
                    </row>
                    <row>
                        <cell role="doi">10.1515/UAVA</cell>
                        <cell role="issn">0502-7012</cell>
                        <cell role="name">Untersuchungen zur Assyriologie und vorderasiatischen
                            Archäologie</cell>
                    </row>
                    <row>
                        <cell role="doi">10.1515/URBS</cell>
                        <cell role="issn">2194-4857</cell>
                        <cell role="name">Urban Spaces</cell>
                    </row>
                    <row>
                        <cell role="doi">10.1515/urbs</cell>
                        <cell role="issn">2194-4857</cell>
                        <cell role="name">Urban Spaces</cell>
                    </row>
                    <row>
                        <cell role="doi">10.1515/VF</cell>
                        <cell role="issn">0176-6570</cell>
                        <cell role="name">Vorgeschichtliche Forschungen</cell>
                    </row>
                    <row>
                        <cell role="doi">10.1515/vf</cell>
                        <cell role="issn">0176-6570</cell>
                        <cell role="name">Vorgeschichtliche Forschungen</cell>
                    </row>
                </table>
            </div>
        </body>
    </text>
</TEI>
